﻿{"cameraMode":{"drawMode":0,"name":"Shaded","section":"Shading Mode"},"sceneLighting":false,"audioPlay":false,"sceneViewState":{"showFog":true,"showMaterialUpdate":false,"showSkybox":false,"showFlares":true,"showImageEffects":true,"showParticleSystems":true},"in2DMode":false,"pivot":{"x":160.16696166992188,"y":-24.02252197265625,"z":-17.58932113647461},"rotation":{"x":0.1466345489025116,"y":0.8505381345748901,"z":-0.31753501296043398,"w":0.39277133345603945},"size":105.72959899902344,"orthographic":false}